{
  "version": 1,
  "options": {
    "width": null,
    "height": null,
    "mode": 2,
    "baseline_top_k": 1,
    "candidate_top_k": 16,
    "preview_scale": 2
  },
  "summary": {
    "cases": 5,
    "candidate_wins": 5,
    "ties": 0,
    "baseline_wins": 0,
    "win_or_tie_rate": 1.0,
    "mean_baseline_score": 0.026906539978379225,
    "mean_candidate_score": 0.02675098521774378,
    "mean_improvement": 0.00015555476063544362,
    "mean_relative_improvement": 0.0064643699491355455,
    "perceptual_candidate_wins": 4,
    "perceptual_ties": 0,
    "perceptual_baseline_wins": 1,
    "perceptual_win_or_tie_rate": 0.8,
    "mean_baseline_perceptual": 8.135135813590884,
    "mean_candidate_perceptual": 8.118726612311601
  },
  "cases": [
    {
      "id": "portrait-witch",
      "category": "portrait",
      "prompt": "A moonlit witch in a broad pointed hat, three-quarter portrait, strong silhouette on a dark indigo background",
      "reference_path": "references/portrait-witch.png",
      "width": 40,
      "height": 25,
      "baseline_score": {
        "reconstruction": 0.010816891580164483,
        "edges": 0.019860386029408383,
        "boundary_continuity": 0.02785783047068888,
        "palette": 0.06666666666666667,
        "density": 0.0033281250000000012,
        "total": 0.025605842784595195
      },
      "candidate_score": {
        "reconstruction": 0.010835974144562808,
        "edges": 0.019729442401957422,
        "boundary_continuity": 0.027060343517251197,
        "palette": 0.0625,
        "density": 0.003203125000000001,
        "total": 0.025284597688698146
      },
      "improvement": 0.0003212450958970485,
      "relative_improvement": 0.012545773189325121,
      "winner": "candidate",
      "baseline_perceptual": 8.438527640402317,
      "candidate_perceptual": 8.431907628834248,
      "perceptual_winner": "candidate",
      "candidate_edge_grammar": {
        "decision": "accepted",
        "edge_cells": 297,
        "contour_connections": 213,
        "open_chains": 48,
        "closed_loops": 0,
        "junctions": 26,
        "protected_structure_cells": 282,
        "structure_rollbacks": 40,
        "baseline": {
          "objective": 0.6507383150675159,
          "reference_loss": 0.2106788055387572,
          "target_port_loss": 0.14405964405964436,
          "shared_port_break_rate": 0.6244131455399061,
          "unexpected_endpoint_rate": 0.5081148564294632,
          "contour_coverage": 0.5898203592814372,
          "false_junction_count": 3,
          "spur_cell_count": 63,
          "orphan_excursion_count": 182,
          "edited_cells": 0,
          "edited_ratio": 0.0
        },
        "proposed": {
          "objective": 0.6330262007462231,
          "reference_loss": 0.21604705058447476,
          "target_port_loss": 0.13997113997114022,
          "shared_port_break_rate": 0.460093896713615,
          "unexpected_endpoint_rate": 0.44884910485933505,
          "contour_coverage": 0.6452095808383234,
          "false_junction_count": 2,
          "spur_cell_count": 52,
          "orphan_excursion_count": 183,
          "edited_cells": 41,
          "edited_ratio": 0.13804713804713806
        },
        "final_metrics": {
          "objective": 0.6330262007462231,
          "reference_loss": 0.21604705058447476,
          "target_port_loss": 0.13997113997114022,
          "shared_port_break_rate": 0.460093896713615,
          "unexpected_endpoint_rate": 0.44884910485933505,
          "contour_coverage": 0.6452095808383234,
          "false_junction_count": 2,
          "spur_cell_count": 52,
          "orphan_excursion_count": 183,
          "edited_cells": 41,
          "edited_ratio": 0.13804713804713806
        }
      }
    },
    {
      "id": "object-airship",
      "category": "object",
      "prompt": "A whimsical retro airship with a large oval balloon and a small gondola, viewed from the side in a clear blue sky",
      "reference_path": "references/object-airship.png",
      "width": 40,
      "height": 25,
      "baseline_score": {
        "reconstruction": 0.008700596164933015,
        "edges": 0.021949417892151758,
        "boundary_continuity": 0.03781197750417902,
        "palette": 0.2375,
        "density": 0.012328125000000023,
        "total": 0.03205653792802193
      },
      "candidate_score": {
        "reconstruction": 0.008690685553629642,
        "edges": 0.021941942401955718,
        "boundary_continuity": 0.037409687389166627,
        "palette": 0.23333333333333334,
        "density": 0.013796875000000042,
        "total": 0.03195605287214747
      },
      "improvement": 0.00010048505587446216,
      "relative_improvement": 0.0031346197178274845,
      "winner": "candidate",
      "baseline_perceptual": 7.175896466016769,
      "candidate_perceptual": 7.135201336920262,
      "perceptual_winner": "candidate",
      "candidate_edge_grammar": {
        "decision": "accepted",
        "edge_cells": 451,
        "contour_connections": 334,
        "open_chains": 51,
        "closed_loops": 1,
        "junctions": 30,
        "protected_structure_cells": 433,
        "structure_rollbacks": 41,
        "baseline": {
          "objective": 0.5073808269125549,
          "reference_loss": 0.14137537932893357,
          "target_port_loss": 0.10294583465315182,
          "shared_port_break_rate": 0.44610778443113774,
          "unexpected_endpoint_rate": 0.41840607210626185,
          "contour_coverage": 0.6677559912854031,
          "false_junction_count": 1,
          "spur_cell_count": 59,
          "orphan_excursion_count": 199,
          "edited_cells": 0,
          "edited_ratio": 0.0
        },
        "proposed": {
          "objective": 0.49256875819300755,
          "reference_loss": 0.14475737235578956,
          "target_port_loss": 0.10120367437440617,
          "shared_port_break_rate": 0.36227544910179643,
          "unexpected_endpoint_rate": 0.3682692307692308,
          "contour_coverage": 0.7156862745098039,
          "false_junction_count": 1,
          "spur_cell_count": 46,
          "orphan_excursion_count": 198,
          "edited_cells": 34,
          "edited_ratio": 0.07538802660753881
        },
        "final_metrics": {
          "objective": 0.49256875819300755,
          "reference_loss": 0.14475737235578956,
          "target_port_loss": 0.10120367437440617,
          "shared_port_break_rate": 0.36227544910179643,
          "unexpected_endpoint_rate": 0.3682692307692308,
          "contour_coverage": 0.7156862745098039,
          "false_junction_count": 1,
          "spur_cell_count": 46,
          "orphan_excursion_count": 198,
          "edited_cells": 34,
          "edited_ratio": 0.07538802660753881
        }
      }
    },
    {
      "id": "scene-forest",
      "category": "scene",
      "prompt": "A quiet forest clearing with prominent pine trees, distant hills, a pale sun, and a winding stream",
      "reference_path": "references/scene-forest.png",
      "width": 40,
      "height": 25,
      "baseline_score": {
        "reconstruction": 0.009613409265665904,
        "edges": 0.018132689950976222,
        "boundary_continuity": 0.03206845011906486,
        "palette": 0.0625,
        "density": 0.000687499999999952,
        "total": 0.02430354077232055
      },
      "candidate_score": {
        "reconstruction": 0.009536201460975434,
        "edges": 0.0181282169117605,
        "boundary_continuity": 0.03133176267923105,
        "palette": 0.0625,
        "density": 0.0001875000000000071,
        "total": 0.024037429915937818
      },
      "improvement": 0.00026611085638273205,
      "relative_improvement": 0.01094946859289768,
      "winner": "candidate",
      "baseline_perceptual": 9.326516214042902,
      "candidate_perceptual": 9.301721321493387,
      "perceptual_winner": "candidate",
      "candidate_edge_grammar": {
        "decision": "accepted",
        "edge_cells": 458,
        "contour_connections": 323,
        "open_chains": 72,