{
  "version": 1,
  "options": {
    "width": null,
    "height": null,
    "mode": 2,
    "baseline_top_k": 1,
    "candidate_top_k": 16,
    "preview_scale": 2
  },
  "summary": {
    "cases": 5,
    "candidate_wins": 3,
    "ties": 0,
    "baseline_wins": 2,
    "win_or_tie_rate": 0.6,
    "mean_baseline_score": 0.025189019174149885,
    "mean_candidate_score": 0.02511532371852232,
    "mean_improvement": 0.00007369545562755999,
    "mean_relative_improvement": 0.002930073456496562,
    "perceptual_candidate_wins": 4,
    "perceptual_ties": 0,
    "perceptual_baseline_wins": 1,
    "perceptual_win_or_tie_rate": 0.8,
    "mean_baseline_perceptual": 7.990740902182461,
    "mean_candidate_perceptual": 7.968929510363937
  },
  "cases": [
    {
      "id": "portrait-witch",
      "category": "portrait",
      "prompt": "A moonlit witch in a broad pointed hat, three-quarter portrait, strong silhouette on a dark indigo background",
      "reference_path": "references/portrait-witch.png",
      "width": 40,
      "height": 25,
      "baseline_score": {
        "reconstruction": 0.008797990196077918,
        "edges": 0.01914096200980039,
        "boundary_continuity": 0.03007625272331137,
        "palette": 0.07083333333333333,
        "density": 0.0052343749999999994,
        "total": 0.024056327444170324
      },
      "candidate_score": {
        "reconstruction": 0.008784886101498924,
        "edges": 0.0191113664215651,
        "boundary_continuity": 0.029780108425799166,
        "palette": 0.075,
        "density": 0.0053593749999999996,
        "total": 0.02410863603420654
      },
      "improvement": -0.00005230859003621524,
      "relative_improvement": -0.0021744212684838313,
      "winner": "baseline",
      "baseline_perceptual": 8.196100500911474,
      "candidate_perceptual": 8.17247763583064,
      "perceptual_winner": "candidate",
      "candidate_edge_grammar": {
        "decision": "accepted",
        "edge_cells": 297,
        "contour_connections": 213,
        "open_chains": 48,
        "closed_loops": 0,
        "junctions": 26,
        "protected_structure_cells": 282,
        "structure_rollbacks": 40,
        "baseline": {
          "objective": 0.6507383150675159,
          "reference_loss": 0.2106788055387572,
          "target_port_loss": 0.14405964405964436,
          "shared_port_break_rate": 0.6244131455399061,
          "unexpected_endpoint_rate": 0.5081148564294632,
          "contour_coverage": 0.5898203592814372,
          "false_junction_count": 3,
          "spur_cell_count": 63,
          "orphan_excursion_count": 182,
          "edited_cells": 0,
          "edited_ratio": 0.0
        },
        "proposed": {
          "objective": 0.6330262007462231,
          "reference_loss": 0.21604705058447476,
          "target_port_loss": 0.13997113997114022,
          "shared_port_break_rate": 0.460093896713615,
          "unexpected_endpoint_rate": 0.44884910485933505,
          "contour_coverage": 0.6452095808383234,
          "false_junction_count": 2,
          "spur_cell_count": 52,
          "orphan_excursion_count": 183,
          "edited_cells": 41,
          "edited_ratio": 0.13804713804713806
        },
        "final_metrics": {
          "objective": 0.6330262007462231,
          "reference_loss": 0.21604705058447476,
          "target_port_loss": 0.13997113997114022,
          "shared_port_break_rate": 0.460093896713615,
          "unexpected_endpoint_rate": 0.44884910485933505,
          "contour_coverage": 0.6452095808383234,
          "false_junction_count": 2,
          "spur_cell_count": 52,
          "orphan_excursion_count": 183,
          "edited_cells": 41,
          "edited_ratio": 0.13804713804713806
        }
      }
    },
    {
      "id": "object-airship",
      "category": "object",
      "prompt": "A whimsical retro airship with a large oval balloon and a small gondola, viewed from the side in a clear blue sky",
      "reference_path": "references/object-airship.png",
      "width": 40,
      "height": 25,
      "baseline_score": {
        "reconstruction": 0.0062828669261779,
        "edges": 0.021123314950975386,
        "boundary_continuity": 0.03581598013882441,
        "palette": 0.1875,
        "density": 0.012390624999999988,
        "total": 0.027455473186784166
      },
      "candidate_score": {
        "reconstruction": 0.006281340590153324,
        "edges": 0.021130667892151924,
        "boundary_continuity": 0.03564650149465359,
        "palette": 0.1875,
        "density": 0.01323437500000002,
        "total": 0.027490124651337215
      },
      "improvement": -0.00003465146455304893,
      "relative_improvement": -0.0012620967891286826,
      "winner": "baseline",
      "baseline_perceptual": 6.905173144936562,
      "candidate_perceptual": 6.861059123948216,
      "perceptual_winner": "candidate",
      "candidate_edge_grammar": {
        "decision": "accepted",
        "edge_cells": 451,
        "contour_connections": 334,
        "open_chains": 51,
        "closed_loops": 1,
        "junctions": 30,
        "protected_structure_cells": 433,
        "structure_rollbacks": 41,
        "baseline": {
          "objective": 0.5073808269125549,
          "reference_loss": 0.14137537932893357,
          "target_port_loss": 0.10294583465315182,
          "shared_port_break_rate": 0.44610778443113774,
          "unexpected_endpoint_rate": 0.41840607210626185,
          "contour_coverage": 0.6677559912854031,
          "false_junction_count": 1,
          "spur_cell_count": 59,
          "orphan_excursion_count": 199,
          "edited_cells": 0,
          "edited_ratio": 0.0
        },
        "proposed": {
          "objective": 0.49256875819300755,
          "reference_loss": 0.14475737235578956,
          "target_port_loss": 0.10120367437440617,
          "shared_port_break_rate": 0.36227544910179643,
          "unexpected_endpoint_rate": 0.3682692307692308,
          "contour_coverage": 0.7156862745098039,
          "false_junction_count": 1,
          "spur_cell_count": 46,
          "orphan_excursion_count": 198,
          "edited_cells": 34,
          "edited_ratio": 0.07538802660753881
        },
        "final_metrics": {
          "objective": 0.49256875819300755,
          "reference_loss": 0.14475737235578956,
          "target_port_loss": 0.10120367437440617,
          "shared_port_break_rate": 0.36227544910179643,
          "unexpected_endpoint_rate": 0.3682692307692308,
          "contour_coverage": 0.7156862745098039,
          "false_junction_count": 1,
          "spur_cell_count": 46,
          "orphan_excursion_count": 198,
          "edited_cells": 34,
          "edited_ratio": 0.07538802660753881
        }
      }
    },
    {
      "id": "scene-forest",
      "category": "scene",
      "prompt": "A quiet forest clearing with prominent pine trees, distant hills, a pale sun, and a winding stream",
      "reference_path": "references/scene-forest.png",
      "width": 40,
      "height": 25,
      "baseline_score": {
        "reconstruction": 0.008873903306419875,
        "edges": 0.017607138480388106,
        "boundary_continuity": 0.03110503115974999,
        "palette": 0.058333333333333334,
        "density": 0.011249999999999982,
        "total": 0.02390740800650571
      },
      "candidate_score": {
        "reconstruction": 0.008869514129180342,
        "edges": 0.01763017769607434,
        "boundary_continuity": 0.030804073567410727,
        "palette": 0.058333333333333334,
        "density": 0.010499999999999954,
        "total": 0.023790891036288505
      },
      "improvement": 0.00011651697021720572,
      "relative_improvement": 0.004873676401285283,
      "winner": "candidate",
      "baseline_perceptual": 9.2290730663836,
      "candidate_perceptual": 9.206412599623203,
      "perceptual_winner": "candidate",
      "candidate_edge_grammar": {
        "decision": "accepted",
        "edge_cells": 458,
        "contour_connections": 323,